02-03.449,"""Scanner enabled"""
02-16.586,""""
02-16.595,". ---a_new_sensor_enters---"""
02-16.598,"""0. send_req"""
02-16.601,"C-0 0"
02-16.603,"S-0 "
02-16.608,"""1. send_req"""
02-16.610,"C-1 75"
02-16.611,"S-0 "
02-16.615,"""2. send_req"""
02-16.617,"C-1 74"
02-16.621,"S-0 "
02-16.623,"""3. send_req"""
02-16.627,"C-1 74"
02-16.629,"S-0 "
02-16.633,"""4. send_req"""
02-16.635,"C-1 75"
02-16.638,"S-0 "
02-16.644,"""5. send_req"""
02-16.646,"C-1 74"
02-16.647,"S-0 "
02-16.650,"""6. send_req"""
02-16.654,"C-1 74"
02-16.657,"S-0 "
02-16.661,"""7. send_req"""
02-16.662,"C-1 74"
02-16.668,"S-0 "
02-16.674,"""8. send_req"""
02-16.676,"C-1 74"
02-16.677,"S-0 "
02-16.681,"""9. send_req"""
02-16.684,"C-1 75"
02-16.686,"S-0 "
02-16.689,"""A. send_req"""
02-16.691,"C-1 74"
02-16.694,"S-0 "
02-16.697,"""A. send_req"""
02-16.698,"C-0 0"
02-16.700,"S-0 "
02-16.707,"""B. send_req"""
02-16.708,"C-1 74"
02-16.711,"S-0 "
02-16.713,"C-1 74"
02-16.714,"S-0 "
02-16.716,"C-1 74"
02-16.717,"S-0 "
02-16.720,"C-1 75"
02-16.722,"S-0 "
02-16.723,"C-1 75"
02-16.725,"S-0 "
02-16.726,"C-1 74"
02-16.728,"S-0 "
02-16.730,"C-1 74"
02-16.731,"S-0 "
02-16.733,"C-1 75"
02-16.734,"S-0 "
02-16.736,"C-1 74"
02-16.738,"S-0 "
02-16.741,"C-1 74"
02-16.742,"S-0 "
02-16.745,"""B. send_req"""
02-16.747,"C-1 74"
02-16.748,"S-0 "
02-16.750,"C-1 75"
02-16.752,"S-0 "
02-16.754,"C-1 75"
02-16.754,"S-0 "
02-16.756,"C-1 74"
02-16.757,"S-0 "
02-16.759,"C-1 74"
02-16.760,"S-0 "
02-16.763,"C-1 74"
02-16.764,"S-0 "
02-16.766,"C-1 75"
02-16.767,"S-0 "
02-16.770,"C-1 75"
02-16.772,"S-0 "
02-16.773,"C-1 75"
02-16.775,"S-0 "
02-16.776,"C-1 75"
02-16.779,"S-0 "
02-16.781,"""B. send_req"""
02-16.783,"C-1 74"
02-16.784,"S-0 "
02-16.786,"C-1 75"
02-16.789,"S-0 "
02-16.791,"C-1 75"
02-16.793,"S-0 "
02-16.794,"C-1 75"
02-16.796,"S-0 "
02-16.798,"C-1 75"
02-16.800,"S-0 "
02-16.802,"C-1 75"
02-16.803,"S-0 "
02-16.805,"C-1 75"
02-16.808,"S-0 "
02-16.809,"C-1 75"
02-16.810,"S-0 "
02-16.812,"C-1 75"
02-16.814,"S-0 "
02-16.816,"C-1 75"
02-16.818,"S-0 "
02-16.821,"""B. send_req"""
02-16.822,"C-1 75"
02-16.825,"S-0 "
02-16.827,"C-1 75"
02-16.829,"S-0 "
02-16.831,"C-1 75"
02-16.832,"S-0 "
02-16.834,"C-1 75"
02-16.837,"S-0 "
02-16.841,"C-1 75"
02-16.843,"S-0 "
02-16.844,"C-1 75"
02-16.846,"S-0 "
02-16.848,"C-1 75"
02-16.851,"S-0 "
02-16.853,"C-1 74"
02-16.855,"S-0 "
02-16.857,"""12. send_req"""
02-16.859,"C-0 0"
02-16.862,"S-0 "
02-16.864,"C-1 75"
02-16.865,"S-0 "
02-16.867,"C-1 75"
02-16.869,"S-0 "
02-16.875,"""B. send_req"""
02-16.878,"C-1 75"
02-16.880,"S-0 "
02-16.882,"C-1 75"
02-16.886,"S-0 "
02-16.888,"C-1 75"
02-16.891,"S-0 "
02-16.893,"C-1 74"
02-16.894,"S-0 "
02-16.896,"C-1 75"
02-16.898,"S-0 "
02-16.900,"C-1 75"
02-16.904,"S-0 "
02-16.906,"C-1 75"
02-16.907,"S-0 "
02-16.910,"C-1 75"
02-16.912,"S-0 "
02-16.914,"C-1 75"
02-16.915,"S-0 "
02-16.917,"C-1 75"
02-16.919,"S-0 "
02-16.925,"""B. send_req"""
02-16.926,"C-1 75"
02-16.928,"S-0 "
02-16.931,"C-1 75"
02-16.933,"S-0 "
02-16.936,"C-1 75"
02-16.937,"S-0 "
02-16.939,"C-1 74"
02-16.941,"S-0 "
02-16.944,"C-1 75"
02-16.945,"S-0 "
02-16.947,"C-1 75"
02-16.949,"S-0 "
02-16.951,"C-1 75"
02-16.955,"S-0 "
02-16.959,"C-1 75"
02-16.961,"S-0 "
02-16.962,"C-1 75"
02-16.964,"S-0 "
02-16.966,"C-1 75"
02-16.967,"S-0 "
02-16.972,"""B. send_req"""
02-16.974,"C-1 75"
02-16.975,"S-0 "
02-16.978,"C-1 75"
02-16.980,"S-0 "
02-16.981,"C-1 75"
02-16.982,"S-0 "
02-16.985,"C-1 75"
02-16.986,"S-0 "
02-16.989,"C-1 75"
02-16.990,"S-0 "
02-16.992,"C-1 75"
02-16.993,"S-0 "
02-16.996,"C-1 75"
02-16.998,"S-0 "
02-16.999,"C-1 75"
02-17.001,"S-0 "
02-17.003,"C-1 75"
02-17.006,"S-0 "
02-17.009,"C-1 75"
02-17.010,"S-0 "
02-17.013,"""B. send_req"""
02-17.015,"C-1 75"
02-17.016,"S-0 "
02-17.018,"C-1 75"
02-17.021,"S-0 "
02-17.024,"C-1 75"
02-17.026,"S-0 "
02-17.027,"C-1 75"
02-17.029,"S-0 "
02-17.030,"C-1 75"
02-17.034,"S-0 "
02-17.035,"C-1 75"
02-17.037,"S-0 "
02-17.039,"C-1 75"
02-17.040,"S-0 "
02-17.044,"C-1 75"
02-17.045,"S-0 "
02-17.047,"C-1 75"
02-17.048,"S-0 "
02-17.052,"C-1 75"
02-17.054,"S-0 "
02-17.057,"""B. send_req"""
02-17.058,"C-1 74"
02-17.060,"S-0 "
02-17.063,"C-1 74"
02-17.064,"S-0 "
02-17.066,"C-1 74"
02-17.067,"S-0 "
02-17.072,"-1 74"
02-17.075,"S-0 "
02-17.077,"C-1 74"
02-17.079,"S-0 "
02-17.080,"C-1 73"
02-17.082,"S-0 "
02-17.085,"-1 73"
02-17.088,"S-0 "
02-17.090,"-1 73"
02-17.092,"S-0 "
02-17.095,-1 
02-17.096,"3"
02-17.098,"S-0 "
02-17.100,"-1 73"
02-17.103,"S-0 "
02-17.106,"""B. send_req"""
02-17.108,"C-1 73"
02-17.110,"S-0 "
02-17.113,"C-1 73"
02-17.114,"S-0 "
02-17.116,"C-1 73"
02-17.117,"S-0 "
02-17.120,"C-1 73"
02-17.122,"S-0 "
02-17.125,"-1 73"
02-17.126,"S-0 "
02-17.129,"-1 73"
02-17.131,"S-0 "
02-17.135,"-1 73"
02-17.138,"S-0 "
02-17.139,"C-1 73"
02-17.141,"S-0 "
02-17.144,"-1 73"
02-17.145,"S-0 "
02-17.149,"-1 73"
02-17.151,"S-0 "
02-17.157,"""B. send_req"""
02-17.159,"C-1 73"
02-17.160,"S-0 "
02-17.163,"C-1 73"
02-17.165,"S-0 "
02-17.170,"C-1 73"
02-17.171,"S-0 "
02-17.173,"C-1 73"
02-17.174,"S-0 "
02-17.176,"C-1 73"
02-17.179,"S-0 "
02-17.181,"C-1 73"
02-17.182,"S-0 "
02-17.184,"-1 73"
02-17.186,"S-0 "
02-17.191,"-1 73"
02-17.193,"S-0 "
02-17.194,"-1 73"
02-17.196,"S-0 "
02-17.200,"-1 73"
02-17.204,"S-0 "
02-17.206,"""B. send_req"""
02-17.208,"C-1 73"
02-17.210,"S-0 "
02-17.211,"C-1 73"
02-17.213,"S-0 "
02-17.214,"-1 72"
02-17.216,"S-0 "
02-17.220,"-1 72"
02-17.225,"S-0 "
02-17.226,"C-1 73"
02-17.227,"S-0 "
02-17.230,"-1 73"
02-17.232,"S-0 "
02-17.234,"-1 73"
02-17.236,"S-0 "
02-17.240,"-1 72"
02-17.243,"S-0 "
02-17.245,"C-1 73"
02-17.247,"S-0 "
02-17.250,"-1 73"
02-17.253,"S-0 "
02-17.257,"""B. send_req"""
02-17.258,"C-1 73"
02-17.260,"S-0 "
02-17.263,"C-1 72"
02-17.265,"S-0 "
02-17.266,"C-1 73"
02-17.268,"S-0 "
02-17.270,"C-1 72"
02-17.272,"S-0 "
02-17.274,"-1 72"
02-17.276,"S-0 "
02-17.279,"-1 72"
02-17.282,"S-0 "
02-17.285,"-1 72"
02-17.286,"S-0 "
02-17.290,"-1 72"
02-17.291,"S-0 "
02-17.295,"-1 72"
02-17.296,"S-0 "
02-17.299,"-1 72"
02-17.301,"S-0 "
02-17.306,"""B. send_req"""
02-17.309,"C-1 71"
02-17.312,"S-0 "
02-17.315,"""B. send_req"""
02-17.317,"C-0 0"
02-17.319,"S-0 "
02-17.320,"C-1 71"
02-17.324,"S-0 "
02-17.325,"C-1 71"
02-17.327,"S-0 "
02-17.330,"C-1 71"
02-17.332,"S-0 "
02-17.334,"C-1 71"
02-17.336,"S-0 "
02-17.338,"C-1 71"
02-17.341,"S-0 "
02-17.343,"C-1 71"
02-17.346,"S-0 "
02-17.349,"C-1 71"
02-17.352,"S-0 "
02-17.356,"C-1 71"
02-17.357,"S-0 "
02-17.359,"C-1 71"
02-17.360,"S-0 "
02-17.364,"""B. send_req"""
02-17.366,"C-1 71"
02-17.367,"S-0 "
02-17.369,"C-1 71"
02-17.371,"S-0 "
02-17.372,"C-1 71"
02-17.375,"S-0 "
02-17.377,"C-1 71"
02-17.378,"S-0 "
02-17.380,"-1 71"
02-17.382,"S-0 "
02-17.389,"C-1 71"
02-17.391,"S-0 "
02-17.392,"C-1 71"
02-17.394,"S-0 "
02-17.398,"""11. send_req"""
02-17.399,"C-0 0"
02-17.401,"S-0 "
02-17.406,"C-1 70"
02-17.409,"S-0 "
02-17.411,"C-1 70"
02-17.413,"S-0 "
02-17.415,"C-1 71"
02-17.417,"S-0 "
02-17.420,"""B. send_req"""
02-17.421,"C-1 70"
02-17.424,"S-0 "
02-17.426,"C-1 70"
02-17.427,"S-0 "
02-17.429,"C-1 70"
02-17.430,"S-0 "
02-17.433,"C-1 70"
02-17.435,"S-0 "
02-17.440,"C-1 70"
02-17.443,"S-0 "
02-17.445,"C-1 70"
02-17.446,"S-0 "
02-17.449,"C-1 69"
02-17.452,"S-0 "
02-17.456,"C-1 69"
02-17.458,"S-0 "
02-17.460,"C-1 69"
02-17.461,"S-0 "
02-17.463,"C-1 69"
02-17.466,"S-0 "
02-17.470,"""B. send_req"""
02-17.473,"C-1 70"
02-17.475,"S-0 "
02-17.477,"C-1 69"
02-17.478,"S-0 "
02-17.481,"C-1 70"
02-17.483,"S-0 "
02-17.486,"""D. send_req"""
02-17.488,"C-0 0"
02-17.490,"S-0 "
02-17.493,"C-1 69"
02-17.495,"S-0 "
02-17.496,"C-1 70"
02-17.499,"S-0 "
02-17.501,"C-1 70"
02-17.503,"S-0 "
02-17.505,"C-1 70"
02-17.507,"S-0 "
02-17.509,"C-1 70"
02-17.510,"S-0 "
02-17.513,"C-1 70"
02-17.516,"S-0 "
02-17.518,"C-1 70"
02-17.519,"S-0 "
02-17.524,"""B. send_req"""
02-17.525,"C-1 70"
02-17.527,"S-0 "
02-17.528,"C-1 70"
02-17.531,"S-0 "
02-17.533,"C-1 70"
02-17.537,"S-0 "
02-17.539,"C-1 69"
02-17.540,"S-0 "
02-17.542,"C-1 69"
02-17.543,"S-0 "
02-17.547,"C-1 69"
02-17.549,"S-0 "
02-17.550,"C-1 69"
02-17.552,"S-0 "
02-17.555,"C-1 69"
02-17.556,"S-0 "
02-17.560,"-1 69"
02-17.561,"S-0 "
02-17.564,"-1 70"
02-17.566,"S-0 "
02-17.572,"""B. send_req"""
02-17.574,"C-1 69"
02-17.575,"S-0 "
02-17.578,"C-1 70"
02-17.579,"S-0 "
02-17.582,"C-1 69"
02-17.584,"S-0 "
02-17.588,"""D. send_req"""
02-17.590,"C-0 0"
02-17.591,"S-0 "
02-17.594,"C-1 70"
02-17.596,"S-0 "
02-17.598,"C-1 70"
02-17.600,"S-0 "
02-17.601,"C-1 70"
02-17.604,"S-0 "
02-17.605,"C-1 69"
02-17.608,"S-0 "
02-17.611,"-1 70"
02-17.613,"S-0 "
02-17.615,"C-1 69"
02-17.617,"S-0 "
02-17.620,"-1 69"
02-17.623,"S-0 "
02-17.626,"""B. send_req"""
02-17.628,"C-1 69"
02-17.630,"S-0 "
02-17.633,"C-1 70"
02-17.635,"S-0 "
02-17.637,"C-1 69"
02-17.638,"S-0 "
02-17.643,"C-1 69"
02-17.645,"S-0 "
02-17.647,"C-1 69"
02-17.648,"S-0 "
02-17.650,"C-1 69"
02-17.654,"S-0 "
02-17.658,"C-1 69"
02-17.660,"S-0 "
02-17.661,"C-1 69"
02-17.667,"S-0 "
02-17.671,"C-1 69"
02-17.673,"S-0 "
02-17.675,"C-1 69"
02-17.676,"S-0 "
02-17.684,"""B. send_req"""
02-17.687,"C-1 69"
02-17.689,"S-0 "
02-17.691,"C-1 69"
02-17.692,"S-0 "
02-17.694,"C-1 69"
02-17.695,"S-0 "
02-17.697,"C-1 69"
02-17.699,"S-0 "
02-17.703,"C-1 69"
02-17.705,"S-0 "
02-17.707,"C-1 69"
02-17.709,"S-0 "
02-17.711,"C-1 69"
02-17.714,"S-0 "
02-17.716,"C-1 69"
02-17.719,"S-0 "
02-17.720,"C-1 69"
02-17.723,"S-0 "
02-17.725,"C-1 69"
02-17.727,"S-0 "
02-17.730,"""B. send_req"""
02-17.732,"C-1 69"
02-17.734,"S-0 "
02-17.739,"C-1 69"
02-17.740,"S-0 "
02-17.743,"C-1 69"
02-17.744,"S-0 "
02-17.747,"C-1 69"
02-17.749,"S-0 "
02-17.751,"C-1 70"
02-17.752,"S-0 "
02-17.754,"C-1 69"
02-17.755,"S-0 "
02-17.757,"C-1 70"
02-17.759,"S-0 "
02-17.761,"C-1 69"
02-17.762,"S-0 "
02-17.765,"-1 69"
02-17.767,"S-0 "
02-17.770,"-1 69"
02-17.772,"S-0 "
02-17.777,"""B. send_req"""
02-17.780,"C-1 69"
02-17.781,"S-0 "
02-17.782,"C-1 69"
02-17.784,"S-0 "
02-17.787,"C-1 70"
02-17.790,"S-0 "
02-17.793,"C-1 69"
02-17.795,"S-0 "
02-17.796,"C-1 69"
02-17.798,"S-0 "
02-17.801,"C-1 69"
02-17.805,"S-0 "
02-17.807,"C-1 70"
02-17.810,"S-0 "
02-17.812,"C-1 69"
02-17.813,"S-0 "
02-17.816,"C-1 70"
02-17.820,"S-0 "
02-17.822,"C-1 69"
02-17.823,"S-0 "
02-17.827,"""B. send_req"""
02-17.829,"C-1 70"
02-17.830,"S-0 "
02-17.833,"C-1 70"
02-17.835,"S-0 "
02-17.836,"C-1 70"
02-17.838,"S-0 "
02-17.840,"-1 70"
02-17.842,"S-0 "
02-17.845,"-1 70"
02-17.848,"S-0 "
02-17.851,"-1 70"
02-17.853,"S-0 "
02-17.856,"""10. send_req"""
02-17.858,"C-0 0"
02-17.860,"S-0 "
02-17.863,"C-1 71"
02-17.864,"S-0 "
02-17.866,"C-1 71"
02-17.867,"S-0 "
02-17.872,"-1 70"
02-17.874,"S-0 "
02-17.876,"C-1 71"
02-17.877,"S-0 "
02-17.882,"""B. send_req"""
02-17.887,"C-1 71"
02-17.890,"S-0 "
02-17.893,"C-1 71"
02-17.894,"S-0 "
02-17.896,"C-1 71"
02-17.898,"S-0 "
02-17.902,"C-1 71"
02-17.903,"S-0 "
02-17.905,"C-1 71"
02-17.907,"S-0 "
02-17.909,"C-1 71"
02-17.911,"S-0 "
02-17.913,"C-1 71"
02-17.914,"S-0 "
02-17.916,"C-1 71"
02-17.918,"S-0 "
02-17.921,"C-1 71"
02-17.924,"S-0 "
02-17.927,"C-1 71"
02-17.928,"S-0 "
02-17.932,"""B. send_req"""
02-17.937,"C-1 71"
02-17.938,"S-0 "
02-17.942,"C-1 71"
02-17.943,"S-0 "
02-17.945,"C-1 71"
02-17.947,"S-0 "
02-17.950,"C-1 71"
02-17.952,"S-0 "
02-17.954,"C-1 71"
02-17.956,"S-0 "
02-17.959,"C-1 71"
02-17.960,"S-0 "
02-17.962,"C-1 71"
02-17.964,"S-0 "
02-17.966,"C-1 71"
02-17.968,"S-0 "
02-17.972,"C-1 72"
02-17.973,"S-0 "
02-17.975,"C-1 71"
02-17.978,"S-0 "
02-17.981,"""B. send_req"""
02-17.983,"C-1 72"
02-17.985,"S-0 "
02-17.986,"C-1 72"
02-17.988,"S-0 "
02-17.989,"-1 72"
02-17.992,"S-0 "
02-17.994,"-1 73"
02-17.996,"S-0 "
02-17.999,"-1 73"
02-18.002,"S-0 "
02-18.005,"-1 73"
02-18.007,"S-0 "
02-18.009,"-1 73"
02-18.011,"S-0 "
02-18.014,"-1 73"
02-18.017,"S-0 "
02-18.019,"-1 73"
02-18.021,"S-0 "
02-18.024,"-1 73"
02-18.027,"S-0 "
02-18.031,"""B. send_req"""
02-18.033,"C-1 74"
02-18.035,"S-0 "
02-18.038,"C-1 74"
02-18.039,"S-0 "
02-18.043,"C-1 73"
02-18.045,"S-0 "
02-18.047,"C-1 73"
02-18.048,"S-0 "
02-18.050,"C-1 73"
02-18.052,"S-0 "
02-18.055,"-1 74"
02-18.056,"S-0 "
02-18.060,"-1 73"
02-18.061,"S-0 "
02-18.065,"-1 73"
02-18.067,"S-0 "
02-18.070,"1 73"
02-18.072,"S-0 "
02-18.075,"-1 73"
02-18.076,"S-0 "
02-18.081,"""B. send_req"""
02-18.082,"C-1 73"
02-18.084,"S-0 "
02-18.086,"C-1 73"
02-18.088,"S-0 "
02-18.091,"-1 73"
02-18.092,"S-0 "
02-18.095,"-1 73"
02-18.097,"S-0 "
02-18.100,"-1 73"
02-18.101,"S-0 "
02-18.105,"-1 73"
02-18.107,"S-0 "
02-18.110,"-1 73"
02-18.111,"S-0 "
02-18.115,"-1 73"
02-18.116,"S-0 "
02-18.121,"C-1 73"
02-18.124,"S-0 "
02-18.127,"C-1 74"
02-18.129,"S-0 "
02-18.132,"""B. send_req"""
02-18.134,"C-1 73"
02-18.135,"S-0 "
02-18.137,"C-1 73"
02-18.139,"S-0 "
02-18.140,"C-1 73"
02-18.142,"S-0 "
02-18.145,"-1 73"
02-18.147,"S-0 "
02-18.149,-1 
02-18.151,"3"
02-18.153,"S-0 "
02-18.155,"-1 73"
02-18.156,"S-0 "
02-18.160,"-1 73"
02-18.161,"S-0 "
02-18.168,"-1 73"
02-18.169,"S-0 "
02-18.171,"C-1 73"
02-18.172,"S-0 "
02-18.175,"-1 73"
02-18.176,"S-0 "
02-18.182,"""B. send_req"""
02-18.184,"C-1 73"
02-18.186,"S-0 "
02-18.189,"C-1 73"
02-18.190,"S-0 "
02-18.192,"C-1 73"
02-18.193,"S-0 "
02-18.195,"-1 73"
02-18.196,"S-0 "
02-18.201,"-1 72"
02-18.202,"S-0 "
02-18.203,C
02-18.207,"1 73"
02-18.208,"S-0 "
02-18.210,"C-1 73"
02-18.211,"S-0 "
02-18.215,"-1 73"
02-18.216,"S-0 "
02-18.221,"-1 73"
02-18.223,"S-0 "
02-18.225,"C-1 72"
02-18.227,"S-0 "
02-18.232,"""B. send_req"""
02-18.234,"C-1 72"
02-18.236,"S-0 "
02-18.237,"C-1 72"
02-18.239,"S-0 "
02-18.240,"C-1 72"
02-18.243,"S-0 "
02-18.244,C-1 72
02-18.246,"S-0 "
02-18.248,-1 7
02-18.249,""
02-18.251,"S-0 "
02-18.255,"-1 72"
02-18.256,"S-0 "
02-18.259,"-1 71"
02-18.260,"S-0 "
02-18.264,"-1 71"
02-18.265,"S-0 "
02-18.269,"-1 71"
02-18.270,"S-0 "
02-18.274,"-1 72"
02-18.275,"S-0 "
02-18.280,"""B. send_req"""
02-18.282,"C-1 71"
02-18.284,"S-0 "
02-18.287,"""B. send_req"""
02-18.290,"C-0 0"
02-18.291,"S-0 "
02-18.293,"C-1 72"
02-18.294,"S-0 "
02-18.296,"C-1 72"
02-18.298,"S-0 "
02-18.299,"C-1 72"
02-18.301,"S-0 "
02-18.303,C
02-18.304,"1 72"
02-18.307,"S-0 "
02-18.308,C
02-18.309,"1 72"
02-18.310,"S-0 "
02-18.313,C
02-18.316,"1 71"
02-18.317,"S-0 "
02-18.320,"C-1 72"
02-18.322,"S-0 "
02-18.326,"C-1 72"
02-18.327,"S-0 "
02-18.328,C-1 7
02-18.329,""
02-18.330,"S-0 "
02-18.335,B. send
02-18.336,"req"""
02-18.339,"C-1 72"
02-18.341,"S-0 "
02-18.342,"C-1 72"
02-18.344,"S-0 "
02-18.345,"C-1 72"
02-18.347,"S-0 "
02-18.349,C-1 
02-18.350,"2"
02-18.352,"S-0 "
02-18.354,"C-1 72"
02-18.357,"S-0 "
02-18.359,F. sen
02-18.361,"_req"""
02-18.362,"C-0 0"
02-18.364,"S-0 "
02-18.365,"C-1 72"
02-18.367,"S-0 "
02-18.369,"-1 72"
02-18.370,"S-0 "
02-18.374,"-1 72"
02-18.376,"S-0 "
02-18.379,"-1 72"
02-18.380,"S-0 "
02-18.384,"-1 72"
02-18.386,"S-0 "
02-18.390,"""B. send_req"""
02-18.392,"C-1 71"
02-18.394,"S-0 "
02-18.395,"C-1 71"
02-18.397,"S-0 "
02-18.398,-1 71
02-18.400,"S-0 "
02-18.404,"-1 72"
02-18.405,"S-0 "
02-18.408,C-1
02-18.409,"71"
02-18.411,"S-0 "
02-18.413,C-
02-18.415," 71"
02-18.416,"S-0 "
02-18.418,C-
02-18.419," 71"
02-18.423,"S-0 "
02-18.425,"C-1 71"
02-18.426,"S-0 "
02-18.428,C
02-18.430,"1 71"
02-18.433,"S-0 "
02-18.436,"C-1 71"
02-18.438,"S-0 "
02-18.442,"""B. send_req"""
02-18.444,"C-1 71"
02-18.446,"S-0 "
02-18.447,"C-1 71"
02-18.449,"S-0 "
02-18.450,"C-1 71"
02-18.452,"S-0 "
02-18.453,C
02-18.454,"1 71"
02-18.456,"S-0 "
02-18.458,C
02-18.460,"1 71"
02-18.462,"S-0 "
02-18.466,C-1 71
02-18.468,"S-0 "
02-18.473,"C-1 71"
02-18.476,"S-0 "
02-18.478,"C-1 71"
02-18.480,"S-0 "
02-18.481,"C-1 72"
02-18.483,"S-0 "
02-18.484,"C-1 71"
02-18.486,"S-0 "
02-18.488,"""B."
02-18.490,"send_req"""
02-18.492,"C-1 72"
02-18.494,"S-0 "
02-18.495,"C-1 71"
02-18.496,"S-0 "
02-18.499,C-1 7
02-18.499,""
02-18.501,"S-0 "
02-18.503,C
02-18.505,"1 72"
02-18.506,"S-0 "
02-18.508,C-
02-18.509," 72"
02-18.511,"S-0 "
02-18.513,C-
02-18.514," 72"
02-18.516,"S-0 "
02-18.519,C-1 7
02-18.520,""
02-18.521,"S-0 "
02-18.523,C
02-18.525,"1 73"
02-18.526,"S-0 "
02-18.529,C-
02-18.530," 73"
02-18.532,"S-0 "
02-18.533,C-1
02-18.535,"73"
02-18.536,"S-0 "
02-18.538,"""B"
02-18.541," send_req"""
02-18.542,"C-1 73"
02-18.544,"S-0 "
02-18.546,"C-1 73"
02-18.549,"S-0 "
02-18.550,"C-1 73"
02-18.552,"S-0 "
02-18.554,C-
02-18.557," 73"
02-18.558,"S-0 "
02-18.561,"C-1 73"
02-18.563,"S-0 "
02-18.565,"C-1 73"
02-18.566,"S-0 "
02-18.571,C-1 
02-18.573,"4"
02-18.576,"S-0 "
02-18.577,"C-1 73"
02-18.579,"S-0 "
02-18.580,"C-1 73"
02-18.582,"S-0 "
02-18.583,C-
02-18.586," 74"
02-18.588,"S-0 "
02-18.591,"""B. send_req"""
02-18.592,"C-1 74"
02-18.596,"S-0 "
02-18.598,"C-1 74"
02-18.599,"S-0 "
02-18.601,"C-1 74"
02-18.604,"S-0 "
02-18.606,"C-1 73"
02-18.609,"S-0 "
02-18.611,"C-1 73"
02-18.614,"S-0 "
02-18.615,"C-1 73"
02-18.617,"S-0 "
02-18.619,C-1
02-18.620,"73"
02-18.622,"S-0 "
02-18.624,"C-1 73"
02-18.625,"S-0 "
02-18.628,"-1 72"
02-18.630,"S-0 "
02-18.633,C-1
02-18.634,"71"
02-18.636,"S-0 "
02-18.638,"""B. sen"
02-18.642,"_req"""
02-18.643,"C-1 71"
02-18.645,"S-0 "
02-18.646,"C-1 71"
02-18.648,"S-0 "
02-18.651,"C-1 71"
02-18.654,"S-0 "
02-18.656,"C-1 71"
02-18.657,"S-0 "
02-18.660,"C-1 71"
02-18.661,"S-0 "
02-18.664,C-1
02-18.669,"71"
02-18.671,"S-0 "
02-18.673,"C-1 71"
02-18.675,"S-0 "
02-18.676,"C-1 71"
02-18.679,"S-0 "
02-18.682,"C-1 71"
02-18.683,"S-0 "
02-18.685,"C-1 71"
02-18.686,"S-0 "
02-18.692,"""B. send_req"""
02-18.694,"C-1 71"
02-18.696,"S-0 "
02-18.698,"C-1 71"
02-18.699,"S-0 "
02-18.704,"C-1 71"
02-18.706,"S-0 "
02-18.708,"C-1 71"
02-18.709,"S-0 "
02-18.711,"C-1 71"
02-18.713,"S-0 "
02-18.715,"C-1 71"
02-18.718,"S-0 "
02-18.720,"C-1 71"
02-18.722,"S-0 "
02-18.724,"-1 71"
02-18.726,"S-0 "
02-18.729,"C-1 71"
02-18.730,"S-0 "
02-18.733,C-1 7
02-18.734,""
02-18.736,"S-0 "
02-18.740,"""B. send_r"
02-18.741,"q"""
02-18.743,"C-1 71"
02-18.744,"S-0 "
02-18.747,"C-1 71"
02-18.749,"S-0 "
02-18.751,"C-1 71"
02-18.754,"S-0 "
02-18.756,"C-1 71"
02-18.758,"S-0 "
02-18.760,"C-1 71"
02-18.761,"S-0 "
02-18.763,C-1 71
02-18.766,"S-0 "
02-18.770,C-1 7
02-18.771,""
02-18.773,"S-0 "
02-18.778,"C-1 71"
02-18.779,"S-0 "
02-18.780,"C-1 71"
02-18.782,"S-0 "
02-18.784,C-1 71
02-18.786,"S-0 "
02-18.788,"""B. s"
02-18.791,"nd_req"""
02-18.792,"C-1 71"
02-18.795,"S-0 "
02-18.797,"C-1 71"
02-18.798,"S-0 "
02-18.800,"C-1 71"
02-18.801,"S-0 "
02-18.804,"C-1 71"
02-18.805,"S-0 "
02-18.809,C-1 7
02-18.810,""
02-18.812,"S-0 "
02-18.814,"C-1 71"
02-18.816,"S-0 "
02-18.819,C-1 7
02-18.821,""
02-18.824,"S-0 "
02-18.826,"C-1 71"
02-18.828,"S-0 "
02-18.830,"C-1 71"
02-18.831,"S-0 "
02-18.834,C-1 7
02-18.835,""
02-18.837,"S-0 "
02-18.840,"""B. send_req"""
02-18.843,"C-1 71"
02-18.846,"S-0 "
02-18.848,"C-1 72"
02-18.849,"S-0 "
02-18.852,"C-1 72"
02-18.853,"S-0 "
02-18.857,"C-1 72"
02-18.859,"S-0 "
02-18.861,"C-1 71"
02-18.863,"S-0 "
02-18.865,"C-1 72"
02-18.867,"S-0 "
02-18.870,C-1 7
02-18.871,""
02-18.873,"S-0 "
02-18.874,"C-1 71"
02-18.877,"S-0 "
02-18.880,"C-1 71"
02-18.881,"S-0 "
02-18.884,C-1 71
02-18.886,"S-0 "
02-18.889,"""B. sen"
02-18.892,"_req"""
02-18.894,"C-1 71"
02-18.895,"S-0 "
02-18.897,"C-1 71"
02-18.899,"S-0 "
02-18.901,"C-1 71"
02-18.903,"S-0 "
02-18.905,"C-1 71"
02-18.907,"S-0 "
02-18.911,"""E. send_req"""
02-18.913,"C-0 0"
02-18.914,"S-0 "
02-18.916,"C-1 72"
02-18.917,"S-0 "
02-18.919,"C-1 72"
02-18.922,"S-0 "
02-18.925,C-1 72
02-18.927,"S-0 "
02-18.929,C-1 72
02-18.931,"S-0 "
02-18.935,C-1 7
02-18.935,""
02-18.937,"S-0 "
02-18.940,"C-1 73"
02-18.941,"S-0 "
02-18.944,"""B. sen"
02-18.946,"_req"""
02-18.948,"C-1 73"
02-18.950,"S-0 "
02-18.953,"C-1 73"
02-18.955,"S-0 "
02-18.957,"C-1 73"
02-18.958,"S-0 "
02-18.961,"C-1 73"
02-18.962,"S-0 "
02-18.964,"C-1 73"
02-18.966,"S-0 "
02-18.970,C-1 73
02-18.973,"S-0 "
02-18.975,"C-1 73"
02-18.977,"S-0 "
02-18.980,"C-1 73"
02-18.981,"S-0 "
02-18.984,C-1 73
02-18.989,"S-0 "
02-18.991,"C-1 73"
02-18.993,"S-0 "
02-18.996,"""B. send_req"""
02-18.997,"C-1 73"
02-18.998,"S-0 "
02-19.000,"C-1 73"
02-19.002,"S-0 "
02-19.004,"C-1 73"
02-19.006,"S-0 "
02-19.008,"C-1 73"
02-19.010,"S-0 "
02-19.013,"C-1 73"
02-19.016,"S-0 "
02-19.018,"C-1 73"
02-19.020,"S-0 "
02-19.023,"C-1 73"
02-19.025,"S-0 "
02-19.029,"C-1 73"
02-19.032,"S-0 "
02-19.034,"C-1 73"
02-19.035,"S-0 "
02-19.038,"C-1 73"
02-19.040,"S-0 "
02-19.045,"""B. send_req"""
02-19.047,"C-1 73"
02-19.049,"S-0 "
02-19.052,"C-1 73"
02-19.055,"S-0 "
02-19.059,"""C. send_req"""
02-19.060,"C-0 0"
02-19.062,"S-0 "
02-19.064,"C-1 73"
02-19.065,"S-0 "
02-19.067,"C-1 73"
02-19.071,"S-0 "
02-19.073,"C-1 73"
02-19.074,"S-0 "
02-19.076,"C-1 73"
02-19.078,"S-0 "
02-19.080,"C-1 72"
02-19.082,"S-0 "
02-19.083,"C-1 72"
02-19.085,"S-0 "
02-19.089,"C-1 72"
02-19.090,"S-0 "
02-19.093,"""13"
02-19.098," send_req"""
02-19.100,"C-0 0"
02-19.102,"S-0 "
02-19.105,"C-1 71"
02-19.108,"S-0 "
02-19.111,"""B. send_req"""
02-19.113,"C-1 72"
02-19.115,"S-0 "
02-19.116,"C-1 71"
02-19.118,"S-0 "
02-19.121,"C-1 71"
02-19.124,"S-0 "
02-19.126,"C-1 71"
02-19.127,"S-0 "
02-19.130,"C-1 71"
02-19.132,"S-0 "
02-19.134,"C-1 71"
02-19.136,"S-0 "
02-19.138,"C-1 71"
02-19.139,"S-0 "
02-19.141,"C-1 71"
02-19.142,"S-0 "
02-19.144,"C-1 71"
02-19.145,"S-0 "
02-19.149,"C-1 71"
02-19.150,"S-0 "
02-19.154,"""B. send_r"
02-19.155,"q"""
02-19.158,"C-1 71"
02-19.159,"S-0 "
02-19.161,"C-1 70"
02-19.164,"S-0 "
02-19.166,"C-1 70"
02-19.170,"S-0 "
02-19.172,"C-1 70"
02-19.174,"S-0 "
02-19.175,"C-1 70"
02-19.177,"S-0 "
02-19.179,"C-1 70"
02-19.181,"S-0 "
02-19.184,"C-1 69"
02-19.185,"S-0 "
02-19.189,C-1 70
02-19.191,"S-0 "
02-19.194,"C-1 70"
02-19.195,"S-0 "
02-19.199,"C-1 69"
02-19.200,"S-0 "
02-19.206,"""B. send_req"
02-19.208,""
02-19.209,"C-1 70"
02-19.211,"S-0 "
02-19.213,"C-1 70"
02-19.214,"S-0 "
02-19.216,"C-1 70"
02-19.220,"S-0 "
02-19.222,"C-1 71"
02-19.224,"S-0 "
02-19.226,"C-1 71"
02-19.228,"S-0 "
02-19.231,"C-1 71"
02-19.232,"S-0 "
02-19.235,"C-1 71"
02-19.237,"S-0 "
02-19.239,"C-1 71"
02-19.240,"S-0 "
02-19.244,"C-1 71"
02-19.247,"S-0 "
02-19.249,"C-1 71"
02-19.250,"S-0 "
02-19.256,"""B. send_re"
02-19.258,""""
02-19.259,"C-1 71"
02-19.261,"S-0 "
02-19.263,"C-1 71"
02-19.265,"S-0 "
02-19.267,"C-1 71"
02-19.270,"S-0 "
02-19.273,"C-1 72"
02-19.275,"S-0 "
02-19.277,"C-1 71"
02-19.278,"S-0 "
02-19.280,"C-1 71"
02-19.281,"S-0 "
02-19.284,"C-1 71"
02-19.287,"S-0 "
02-19.289,"C-1 72"
02-19.291,"S-0 "
02-19.294,"C-1 72"
02-19.296,"S-0 "
02-19.299,"C-1 71"
02-19.300,"S-0 "
02-19.305,"""B. send_req"""
02-19.309,"C-1 71"
02-19.310,"S-0 "
02-19.312,"C-1 71"
02-19.313,"S-0 "
02-19.315,"C-1 71"
02-19.317,"S-0 "
02-19.320,"C-1 71"
02-19.324,"S-0 "
02-19.325,"C-1 71"
02-19.327,"S-0 "
02-19.329,"C-1 71"
02-19.330,"S-0 "
02-19.334,"C-1 71"
02-19.336,"S-0 "
02-19.339,"C-1 71"
02-19.340,"S-0 "
02-19.345,"C-1 71"
02-19.347,"S-0 "
02-19.349,"C-1 71"
02-19.350,"S-0 "
02-19.357,"""B. send_req"""
02-19.359,"C-1 70"
02-19.361,"S-0 "
02-19.363,"C-1 70"
02-19.364,"S-0 "
02-19.365,"C-1 70"
02-19.367,"S-0 "
02-19.370,"C-1 70"
02-19.371,"S-0 "
02-19.373,"C-1 70"
02-19.376,"S-0 "
02-19.379,"C-1 69"
02-19.380,"S-0 "
02-19.383,"C-1 69"
02-19.385,"S-0 "
02-19.388,"C-1 69"
02-19.390,"S-0 "
02-19.393,"C-1 70"
02-19.394,"S-0 "
02-19.399,"C-1 70"
02-19.400,"S-0 "
02-19.405,"""B. send_req"""
02-19.407,"C-1 70"
02-19.408,"S-0 "
02-19.410,"C-1 70"
02-19.411,"S-0 "
02-19.413,"C-1 69"
02-19.416,"S-0 "
02-19.418,"C-1 69"
02-19.420,"S-0 "
02-19.423,"C-1 69"
02-19.425,"S-0 "
02-19.430,"C-1 69"
02-19.432,"S-0 "
02-19.435,"C-1 70"
02-19.437,"S-0 "
02-19.440,"C-1 70"
02-19.442,"S-0 "
02-19.444,"C-1 70"
02-19.445,"S-0 "
02-19.449,"C-1 70"
02-19.451,"S-0 "
02-19.455,"""B. send_req"""
02-19.457,"C-1 70"
02-19.458,"S-0 "
02-19.460,"C-1 71"
02-19.461,"S-0 "
02-19.464,"C-1 70"
02-19.465,"S-0 "
02-19.469,"C-1 71"
02-19.470,"S-0 "
02-19.473,"C-1 71"
02-19.475,"S-0 "
02-19.479,"C-1 71"
02-19.480,"S-0 "
02-19.484,"C-1 71"
02-19.488,"S-0 "
02-19.491,"C-1 71"
02-19.492,"S-0 "
02-19.494,"C-1 71"
02-19.496,"S-0 "
02-19.499,"""13. s"
02-19.502,"nd_req"""
02-19.505,"C-0 0"
02-19.506,"S-0 "
02-19.508,"C-1 71"
02-19.510,"S-0 "
02-19.514,"""B. send_req"""
02-19.516,"C-1 71"
02-19.518,"S-0 "
02-19.519,"C-1 71"
02-19.521,"S-0 "
02-19.523,"C-1 71"
02-19.525,"S-0 "
02-19.528,"C-1 71"
02-19.530,"S-0 "
02-19.532,"C-1 71"
02-19.533,"S-0 "
02-19.536,"C-1 71"
02-19.539,"S-0 "
02-19.543,"C-1 71"
02-19.544,"S-0 "
02-19.546,"C-1 71"
02-19.547,"S-0 "
02-19.550,"C-1 71"
02-19.554,"S-0 "
02-19.556,"C-1 71"
02-19.557,"S-0 "
02-19.560,"""B. send_req"""
02-19.563,"C-1 71"
02-19.565,"S-0 "
02-19.567,"C-1 71"
02-19.569,"S-0 "
02-19.571,"C-1 71"
02-19.572,"S-0 "
02-19.575,"C-1 71"
02-19.577,"S-0 "
02-19.579,"C-1 71"
02-19.580,"S-0 "
02-19.584,"C-1 71"
02-19.586,"S-0 "
02-19.590,"C-1 71"
02-19.591,"S-0 "
02-19.594,"C-1 71"
02-19.596,"S-0 "
02-19.600,"""12. sen"
02-19.602,"_req"""
02-19.604,"C-0 0"
02-19.605,"S-0 "
02-19.608,"C-1 71"
02-19.610,"S-0 "
02-19.611,"C-1 71"
02-19.612,"S-0 "
02-19.616,"""B. send_req"""
02-19.620,"C-1 71"
02-19.622,"S-0 "
02-19.623,"C-1 71"
02-19.625,"S-0 "
02-19.629,"C-1 71"
02-19.630,"S-0 "
02-19.632,"C-1 71"
02-19.633,"S-0 "
02-19.638,"C-1 71"
02-19.639,"S-0 "
02-19.642,"C-1 71"
02-19.643,"S-0 "
02-19.645,"C-1 71"
02-19.647,"S-0 "
02-19.649,"C-1 71"
02-19.650,"S-0 "
02-19.656,"C-1 71"
02-19.657,"S-0 "
02-19.659,"C-1 71"
02-19.660,"S-0 "
02-19.666,"""B. send_req"""
02-19.669,"C-1 71"
02-19.670,"S-0 "
02-19.673,"C-1 71"
02-19.674,"S-0 "
02-19.676,"C-1 71"
02-19.678,"S-0 "
02-19.680,"C-1 71"
02-19.682,"S-0 "
02-19.684,"C-1 71"
02-19.686,"S-0 "
02-19.689,"C-1 71"
02-19.691,"S-0 "
02-19.694,"C-1 71"
02-19.696,"S-0 "
02-19.699,"C-1 71"
02-19.701,"S-0 "
02-19.704,"C-1 71"
02-19.706,"S-0 "
02-19.710,"C-1 71"
02-19.711,"S-0 "
02-19.715,"""B. send_req"""
02-19.717,"C-1 71"
02-19.719,"S-0 "
02-19.722,"C-1 71"
02-19.723,"S-0 "
02-19.725,"C-1 71"
02-19.727,"S-0 "
02-19.729,"C-1 71"
02-19.731,"S-0 "
02-19.734,"C-1 71"
02-19.738,"S-0 "
02-19.741,"C-1 70"
02-19.742,"S-0 "
02-19.744,"C-1 71"
02-19.745,"S-0 "
02-19.749,"C-1 71"
02-19.752,"S-0 "
02-19.755,"C-1 71"
02-19.757,"S-0 "
02-19.759,"C-1 70"
02-19.760,"S-0 "
02-19.766,"""B. send_req"""
02-19.770,"C-1 70"
02-19.772,"S-0 "
02-19.773,"C-1 70"
02-19.775,"S-0 "
02-19.777,"C-1 71"
02-19.778,"S-0 "
02-19.782,"C-1 70"
02-19.786,"S-0 "
02-19.788,"C-1 71"
02-19.790,"S-0 "
02-19.791,"C-1 70"
02-19.794,"S-0 "
02-19.795,"C-1 70"
02-19.797,"S-0 "
02-19.799,"C-1 70"
02-19.802,"S-0 "
02-19.805,"C-1 70"
02-19.806,"S-0 "
02-19.808,"C-1 70"
02-19.811,"S-0 "
02-19.814,"""B. send_req"""
02-19.818,"C-1 70"
02-19.819,"S-0 "
02-19.821,"C-1 70"
02-19.824,"S-0 "
02-19.827,"C-1 70"
02-19.828,"S-0 "
02-19.830,"C-1 70"
02-19.831,"S-0 "
02-19.833,"-1 70"
02-19.836,"S-0 "
02-19.838,"-1 70"
02-19.840,"S-0 "
02-19.843,"-1 70"
02-19.845,"S-0 "
02-19.850,"-1 70"
02-19.851,"S-0 "
02-19.854,"C-1 69"
02-19.856,"S-0 "
02-19.858,"-1 69"
02-19.860,"S-0 "
02-19.865,"""B. send_req"""
02-19.868,"C-1 70"
02-19.870,"S-0 "
02-19.871,"C-1 70"
02-19.872,"S-0 "
02-19.874,"C-1 69"
02-19.876,"S-0 "
02-19.878,"-1 70"
02-19.881,"S-0 "
02-19.883,"-1 70"
02-19.885,"S-0 "
02-19.888,"-1 70"
02-19.890,"S-0 "
02-19.894,"-1 70"
02-19.895,"S-0 "
02-19.899,"-1 69"
02-19.902,"S-0 "
02-19.905,"C-1 70"
02-19.907,"S-0 "
02-19.908,"-1 69"
02-19.910,"S-0 "
02-19.915,"""B. send_req"""
02-19.917,"C-1 70"
02-19.919,"S-0 "
02-19.921,"C-1 69"
02-19.923,"S-0 "
02-19.925,"C-1 70"
02-19.926,"S-0 "
02-19.929,"-1 69"
02-19.930,"S-0 "
02-19.933,"-1 69"
02-19.935,"S-0 "
02-19.939,"-1 69"
02-19.940,"S-0 "
02-19.943,-1 70
02-19.945,"S-0 "
02-19.950,"-1 69"
02-19.952,"S-0 "
02-19.954,"-1 70"
02-19.956,"S-0 "
02-19.959,"-1 70"
02-19.960,"S-0 "
02-19.966,"""B. send_req"""
02-19.970,"C-1 70"
02-19.973,"S-0 "
02-19.974,"C-1 69"
02-19.976,"S-0 "
02-19.979,"C-1 70"
02-19.981,"S-0 "
02-19.984,"C-1 69"
02-19.986,"S-0 "
02-19.988,"C-1 69"
02-19.989,"S-0 "
02-19.991,"C-1 69"
02-19.993,"S-0 "
02-19.996,"C-1 70"
02-19.998,"S-0 "
02-19.999,"C-1 70"
02-20.001,"S-0 "
02-20.005,"-1 70"
02-20.008,"S-0 "
02-20.009,"C-1 69"
02-20.011,"S-0 "
02-20.015,"""B. send_req"""
02-20.017,"C-1 69"
02-20.021,"S-0 "
02-20.023,"C-1 69"
02-20.025,"S-0 "
02-20.026,"C-1 69"
02-20.028,"S-0 "
02-20.030,"C-1 69"
02-20.033,"S-0 "
02-20.034,"C-1 69"
02-20.036,"S-0 "
02-20.039,"-1 70"
02-20.041,"S-0 "
02-20.045,"-1 70"
02-20.046,"S-0 "
02-20.049,"-1 69"
02-20.052,"S-0 "
02-20.054,"-1 70"
02-20.056,"S-0 "
02-20.059,"-1 70"
02-20.060,"S-0 "
02-20.067,"""B. send_req"""
02-20.069,"C-1 70"
02-20.071,"S-0 "
02-20.074,"C-1 70"
02-20.076,"S-0 "
02-20.078,"C-1 70"
02-20.079,"S-0 "
02-20.082,"C-1 70"
02-20.083,"S-0 "
02-20.088,"C-1 69"
02-20.090,"S-0 "
02-20.091,"C-1 69"
02-20.093,"S-0 "
02-20.095,"C-1 69"
02-20.098,"S-0 "
02-20.099,"C-1 70"
02-20.102,"S-0 "
02-20.104,"-1 70"
02-20.106,"S-0 "
02-20.110,"-1 70"
02-20.111,"S-0 "
02-20.115,"""B. send_req"""
02-20.117,"C-1 69"
02-20.119,"S-0 "
02-20.121,"C-1 70"
02-20.122,"S-0 "
02-20.124,"C-1 70"
02-20.125,"S-0 "
02-20.128,"-1 69"
02-20.130,"S-0 "
02-20.135,"C-1 69"
02-20.138,"S-0 "
02-20.139,"C-1 69"
02-20.141,"S-0 "
02-20.143,"-1 69"
02-20.145,"S-0 "
02-20.148,"-1 70"
02-20.149,"S-0 "
02-20.154,"-1 70"
02-20.156,"S-0 "
02-20.158,"-1 70"
02-20.161,"S-0 "
02-20.164,"""B. send_req"""
02-20.166,"C-1 70"
02-20.168,"S-0 "
02-20.172,"C-1 70"
02-20.173,"S-0 "
02-20.175,"C-1 70"
02-20.177,"S-0 "
02-20.179,"C-1 69"
02-20.181,"S-0 "
02-20.183,"-1 69"
02-20.185,"S-0 "
02-20.189,"-1 70"
02-20.191,"S-0 "
02-20.194,"-1 70"
02-20.195,"S-0 "
02-20.198,"-1 69"
02-20.200,"S-0 "
02-20.205,"-1 70"
02-20.207,"S-0 "
02-20.210,"C-1 70"
02-20.211,"S-0 "
02-20.216,"""14. send_req"""
02-20.218,"C-0 0"
02-20.219,"S-0 "
02-20.223,"""B. send_req"""
02-20.225,"C-1 70"
02-20.227,"S-0 "
02-20.228,"C-1 70"
02-20.230,"S-0 "
02-20.232,"C-1 70"
02-20.236,"S-0 "
02-20.239,"C-1 70"
02-20.240,"S-0 "
02-20.242,"C-1 70"
02-20.244,"S-0 "
02-20.246,"C-1 70"
02-20.248,"S-0 "
02-20.249,"C-1 71"
02-20.251,"S-0 "
02-20.253,"-1 70"
02-20.256,"S-0 "
02-20.259,"-1 70"
02-20.260,"S-0 "
02-20.263,"-1 71"
02-20.266,"S-0 "
02-20.272,"""B. send_req"""
02-20.273,"C-1 70"
02-20.275,"S-0 "
02-20.276,"C-1 71"
02-20.278,"S-0 "
02-20.282,"C-1 70"
02-20.283,"S-0 "
02-20.285,"C-1 70"
02-20.287,"S-0 "
02-20.289,"C-1 70"
02-20.291,"S-0 "
02-20.295,"-1 71"
02-20.296,"S-0 "
02-20.299,"-1 71"
02-20.300,"S-0 "
02-20.305,"-1 71"
02-20.307,"S-0 "
02-20.310,"C-1 71"
02-20.312,"S-0 "
02-20.314,"-1 71"
02-20.315,"S-0 "
02-20.322,"""B. send_req"""
02-20.324,"C-1 71"
02-20.325,"S-0 "
02-20.328,"C-1 71"
02-20.329,"S-0 "
02-20.332,"C-1 71"
02-20.333,"S-0 "
02-20.335,"C-1 71"
02-20.337,"S-0 "
02-20.339,"-1 71"
02-20.341,"S-0 "
02-20.344,"-1 71"
02-20.345,"S-0 "
02-20.350,"-1 71"
02-20.352,"S-0 "
02-20.354,"-1 71"
02-20.355,"S-0 "
02-20.360,"-1 71"
02-20.361,"S-0 "
02-20.364,"-1 71"
02-20.366,"S-0 "
02-20.370,"""B. send_req"""
02-20.372,"C-1 71"
02-20.373,"S-0 "
02-20.375,"C-1 71"
02-20.378,"S-0 "
02-20.379,"C-1 71"
02-20.381,"S-0 "
02-20.385,"-1 71"
02-20.388,"S-0 "
02-20.390,"C-1 71"
02-20.391,"S-0 "
02-20.394,"-1 71"
02-20.396,"S-0 "
02-20.399,"-1 71"
02-20.401,"S-0 "
02-20.405,"-1 71"
02-20.408,"S-0 "
02-20.410,"C-1 72"
02-20.412,"S-0 "
02-20.414,"C-1 71"
02-20.416,"S-0 "
02-20.423,"""B. send_req"""
02-20.424,"C-1 71"
02-20.426,"S-0 "
02-20.428,"C-1 72"
02-20.429,"S-0 "
02-20.432,"C-1 71"
02-20.433,"S-0 "
02-20.436,"C-1 71"
02-20.437,"S-0 "
02-20.439,"-1 71"
02-20.441,"S-0 "
02-20.445,"-1 71"
02-20.447,"S-0 "
02-20.449,"-1 71"
02-20.450,"S-0 "
02-20.455,"-1 71"
02-20.457,"S-0 "
02-20.459,"-1 71"
02-20.461,"S-0 "
02-20.464,"-1 71"
02-20.466,"S-0 "
02-20.473,"""B. send_req"""
02-20.475,"C-1 71"
02-20.477,"S-0 "
02-20.478,"C-1 71"
02-20.480,"S-0 "
02-20.482,"C-1 71"
02-20.484,"S-0 "
02-20.486,"C-1 71"
02-20.487,"S-0 "
02-20.491,"-1 71"
02-20.492,"S-0 "
02-20.493,"C-1 71"
02-20.495,"S-0 "
02-20.498,"-1 71"
02-20.499,"S-0 "
02-20.505,"C-1 71"
02-20.507,"S-0 "
02-20.508,"C-1 71"
02-20.510,"S-0 "
02-20.514,"-1 71"
02-20.516,"S-0 "
02-20.519,"""B. send_req"""
02-20.522,"C-1 71"
02-20.523,"S-0 "
02-20.526,"C-1 71"
02-20.529,"S-0 "
02-20.530,"C-1 71"
02-20.532,"S-0 "
02-20.537,"C-1 71"
02-20.539,"S-0 "
02-20.540,"C-1 71"
02-20.543,"S-0 "
02-20.545,"C-1 71"
02-20.546,"S-0 "
02-20.549,"-1 71"
02-20.552,"S-0 "
02-20.554,"C-1 71"
02-20.555,"S-0 "
02-20.558,"-1 71"
02-20.562,"S-0 "
02-20.564,"C-1 71"
02-20.565,"S-0 "
02-20.572,"""B. send_req"""
02-20.574,"C-1 71"
02-20.576,"S-0 "
02-20.577,"C-1 71"
02-20.579,"S-0 "
02-20.581,"C-1 72"
02-20.583,"S-0 "
02-20.585,"C-1 71"
02-20.586,"S-0 "
02-20.590,"C-1 72"
02-20.592,"S-0 "
02-20.593,"-1 72"
02-20.595,"S-0 "
02-20.599,"-1 71"
02-20.601,"S-0 "
02-20.603,-1 
02-20.604,"2"
02-20.605,"S-0 "
02-20.610,"-1 72"
02-20.611,"S-0 "
02-20.613,"-1 72"
02-20.616,"S-0 "
02-20.623,"""B. send_req"""
02-20.625,"C-1 71"
02-20.626,"S-0 "
02-20.628,"C-1 72"
02-20.630,"S-0 "
02-20.633,"C-1 71"
02-20.637,"S-0 "
02-20.639,"C-1 72"
02-20.640,"S-0 "
02-20.642,"C-1 72"
02-20.645,"S-0 "
02-20.647,"C-1 72"
02-20.648,"S-0 "
02-20.650,"C-1 71"
02-20.651,"S-0 "
02-20.654,"C-1 71"
02-20.656,"S-0 "
02-20.659,"-1 71"
02-20.660,"S-0 "
02-20.667,"-1 71"
02-20.669,"S-0 "
02-20.673,"""B. send_req"""
02-20.676,"C-1 71"
02-20.677,"S-0 "
02-20.679,"C-1 71"
02-20.681,"S-0 "
02-20.683,"C-1 71"
02-20.686,"S-0 "
02-20.688,"C-1 71"
02-20.690,"S-0 "
02-20.691,"C-1 71"
02-20.693,"S-0 "
02-20.695,"C-1 72"
02-20.696,"S-0 "
02-20.699,"-1 72"
02-20.700,"S-0 "
02-20.704,"-1 72"
02-20.705,"S-0 "
02-20.709,"-1 72"
02-20.710,"S-0 "
02-20.715,"-1 73"
02-20.717,"S-0 "
02-20.720,"""B. send_req"""
02-20.722,"C-1 73"
02-20.724,"S-0 "
02-20.726,"C-1 73"
02-20.728,"S-0 "
02-20.730,"C-1 73"
02-20.731,"S-0 "
02-20.734,"-1 72"
02-20.735,"S-0 "
02-20.740,"-1 72"
02-20.742,"S-0 "
02-20.745,"C-1 72"
02-20.747,"S-0 "
02-20.749,"-1 72"
02-20.750,"S-0 "
02-20.756,"""11. send_req"""
02-20.758,"C-0 0"
02-20.760,"S-0 "
02-20.762,"C-1 71"
02-20.763,"S-0 "
02-20.767,"C-1 71"
02-20.771,"S-0 "
02-20.773,"C-1 71"
02-20.775,"S-0 "
02-20.777,"""B. send_req"""
02-20.779,"C-1 71"
02-20.781,"S-0 "
02-20.784,"C-1 71"
02-20.785,"S-0 "
02-20.787,"C-1 71"
02-20.789,"S-0 "
02-20.792,"""D. send_req"""
02-20.795,"C-0 0"
02-20.796,"S-0 "
02-20.797,"C-1 71"
02-20.799,"S-0 "
02-20.801,"C-1 71"
02-20.804,"S-0 "
02-20.807,"C-1 71"
02-20.808,"S-0 "
02-20.810,"C-1 71"
02-20.812,"S-0 "
02-20.814,"-1 71"
02-20.815,"S-0 "
02-20.819,"-1 71"
02-20.822,"S-0 "
02-20.824,"-1 72"
02-20.825,"S-0 "
02-20.830,"""B. send_req"""
02-20.833,"C-1 71"
02-20.835,"S-0 "
02-20.837,"C-1 72"
02-20.838,"S-0 "
02-20.841,"C-1 72"
02-20.843,"S-0 "
02-20.846,"C-1 72"
02-20.847,"S-0 "
02-20.849,"-1 72"
02-20.851,"S-0 "
02-20.855,"-1 72"
02-20.857,"S-0 "
02-20.859,"-1 72"
02-20.861,"S-0 "
02-20.864,"-1 72"
02-20.866,"S-0 "
02-20.869,"-1 72"
02-20.870,"S-0 "
02-20.873,"-1 72"
02-20.875,"S-0 "
02-20.880,"""B. send_req"""
02-20.884,"C-1 71"
02-20.886,"S-0 "
02-20.890,"C-1 72"
02-20.891,"S-0 "
02-20.893,"C-1 72"
02-20.896,"S-0 "
02-20.897,"C-1 71"
02-20.899,"S-0 "
02-20.900,"C-1 71"
02-20.902,"S-0 "
02-20.905,"C-1 71"
02-20.906,"S-0 "
02-20.908,"-1 71"
02-20.909,"S-0 "
02-20.913,"-1 71"
02-20.915,"S-0 "
02-20.918,"-1 71"
02-20.920,"S-0 "
02-20.924,"-1 71"
02-20.925,"S-0 "
02-20.928,"""B."
02-20.930,"send_req"""
02-20.932,"C-1 71"
02-20.934,"S-0 "
02-20.936,"C-1 71"
02-20.937,"S-0 "
02-20.940,"C-1 71"
02-20.942,"S-0 "
02-20.944,"C-1 71"
02-20.945,"S-0 "
02-20.948,"-1 71"
02-20.951,"S-0 "
02-20.954,"-1 71"
02-20.955,"S-0 "
02-20.959,"-1 71"
02-20.961,"S-0 "
02-20.963,"-1 71"
02-20.965,"S-0 "
02-20.970,"""12. send_req"""
02-20.971,"C-0 0"
02-20.973,"S-0 "
02-20.975,"C-1 71"
02-20.977,"S-0 "
02-20.978,"-1 71"
02-20.980,"S-0 "
02-20.988,"""B. send_req"""
02-20.989,"C-1 71"
02-20.991,"S-0 "
02-20.992,"C-1 71"
02-20.994,"S-0 "
02-20.995,"C-1 72"
02-20.997,"S-0 "
02-20.999,"C-1 72"
02-21.001,"S-0 "
02-21.003,"-1 72"
02-21.005,"S-0 "
02-21.008,"-1 72"
02-21.010,"S-0 "
02-21.014,"-1 72"
02-21.015,"S-0 "
02-21.019,"-1 72"
02-21.020,"S-0 "
02-21.024,"-1 72"
02-21.025,"S-0 "
02-21.029,"-1 72"
02-21.033,"S-0 "
02-21.036,"""B. send_req"""
02-21.038,"C-1 71"
02-21.040,"S-0 "
02-21.041,"C-1 71"
02-21.042,"S-0 "
02-21.045,"C-1 71"
02-21.046,"S-0 "
02-21.049,"-1 71"
02-21.051,"S-0 "
02-21.054,"-1 71"
02-21.057,"S-0 "
02-21.058,"-1 71"
02-21.060,"S-0 "
02-21.064,"-1 71"
02-21.066,"S-0 "
02-21.069,"-1 71"
02-21.071,"S-0 "
02-21.073,"-1 71"
02-21.075,"S-0 "
02-21.079,"-1 72"
02-21.082,"S-0 "
02-21.086,"""B. send_req"""
02-21.088,"C-1 71"
02-21.090,"S-0 "
02-21.091,"C-1 72"
02-21.094,"S-0 "
02-21.095,"C-1 72"
02-21.097,"S-0 "
02-21.100,"-1 73"
02-21.102,"S-0 "
02-21.105,"-1 73"
02-21.106,"S-0 "
02-21.109,"-1 73"
02-21.110,"S-0 "
02-21.114,"-1 73"
02-21.117,"S-0 "
02-21.121,"""11. send_req"""
02-21.124,"C-0 0"
02-21.125,"S-0 "
02-21.127,"C-1 73"
02-21.128,"S-0 "
02-21.131,"C-1 73"
02-21.133,"S-0 "
02-21.135,"C-1 73"
02-21.137,"S-0 "
02-21.141,"""B. send_req"""
02-21.144,"C-1 73"
02-21.145,"S-0 "
02-21.147,"C-1 72"
02-21.148,"S-0 "
02-21.150,"C-1 73"
02-21.153,"S-0 "
02-21.155,"C-1 72"
02-21.156,"S-0 "
02-21.160,"-1 72"
02-21.161,"S-0 "
02-21.164,"-1 72"
02-21.168,"S-0 "
02-21.170,"C-1 71"
02-21.172,"S-0 "
02-21.174,"-1 71"
02-21.176,"S-0 "
02-21.180,"C-1 71"
02-21.182,"S-0 "
02-21.185,"C-1 71"
02-21.186,"S-0 "
02-21.190,"""B. send_req"""
02-21.192,"C-1 71"
02-21.194,"S-0 "
02-21.197,"C-1 71"
02-21.202,"S-0 "
02-21.205,"C-1 71"
02-21.206,"S-0 "
02-21.208,"C-1 71"
02-21.209,"S-0 "
02-21.211,"C-1 71"
02-21.216,"S-0 "
02-21.218,"C-1 71"
02-21.219,"S-0 "
02-21.221,"C-1 71"
02-21.222,"S-0 "
02-21.224,"-1 71"
02-21.226,"S-0 "
02-21.229,"-1 71"
02-21.230,"S-0 "
02-21.234,"-1 71"
02-21.236,"S-0 "
02-21.239,"""B. send_req"""
02-21.241,"C-1 71"
02-21.242,"S-0 "
02-21.244,"C-1 71"
02-21.245,"S-0 "
02-21.248,"-1 71"
02-21.249,"S-0 "
02-21.253,"-1 71"
02-21.255,"S-0 "
02-21.258,"-1 71"
02-21.259,"S-0 "
02-21.263,"-1 72"
02-21.264,"S-0 "
02-21.268,"-1 72"
02-21.270,"S-0 "
02-21.273,"-1 72"
02-21.274,"S-0 "
02-21.278,"-1 72"
02-21.279,"S-0 "
02-21.283,"-1 72"
02-21.284,"S-0 "
02-21.290,"""B. send_req"""
02-21.292,"C-1 73"
02-21.293,"S-0 "
02-21.295,"C-1 73"
02-21.296,"S-0 "
02-21.298,"-1 73"
02-21.300,"S-0 "
02-21.303,"-1 73"
02-21.304,"S-0 "
02-21.308,"-1 73"
02-21.309,"S-0 "
02-21.313,"-1 73"
02-21.314,"S-0 "
02-21.319,"-1 73"
02-21.320,"S-0 "
02-21.323,"-1 73"
02-21.324,"S-0 "
02-21.328,"-1 73"
02-21.329,"S-0 "
02-21.333,"-1 73"
02-21.335,"S-0 "
02-21.339,"""B. send_req"""
02-21.341,"C-1 73"
02-21.343,"S-0 "
02-21.344,"C-1 73"
02-21.345,"S-0 "
02-21.348,"-1 72"
02-21.350,"S-0 "
02-21.353,"-1 71"
02-21.355,"S-0 "
02-21.358,"-1 71"
02-21.360,"S-0 "
02-21.363,"-1 71"
02-21.365,"S-0 "
02-21.368,"-1 70"
02-21.370,"S-0 "
02-21.374,"-1 70"
02-21.375,"S-0 "
02-21.378,"-1 70"
02-21.380,"S-0 "
02-21.384,"-1 70"
02-21.386,"S-0 "
02-21.389,"""B. send_req"""
02-21.391,"C-1 70"
02-21.392,"S-0 "
02-21.394,"C-1 70"
02-21.395,"S-0 "
02-21.398,"-1 71"
02-21.401,"S-0 "
02-21.403,"-1 71"
02-21.405,"S-0 "
02-21.409,"-1 71"
02-21.410,"S-0 "
02-21.414,"-1 71"
02-21.415,"S-0 "
02-21.418,"-1 71"
02-21.421,"S-0 "
02-21.423,"-1 73"
02-21.425,"S-0 "
02-21.429,"-1 72"
02-21.430,"S-0 "
02-21.434,"-1 73"
02-21.435,"S-0 "
02-21.440,"""B. send_req"""
02-21.441,"C-1 73"
02-21.442,"S-0 "
02-21.444,"C-1 74"
02-21.445,"S-0 "
02-21.448,"-1 74"
02-21.450,"S-0 "
02-21.453,"-1 73"
02-21.455,"S-0 "
02-21.459,"-1 74"
02-21.460,"S-0 "
02-21.464,"-1 74"
02-21.466,"S-0 "
02-21.469,"-1 73"
02-21.470,"S-0 "
02-21.475,"""11. send_req"""
02-21.477,"C-0 0"
02-21.478,"S-0 "
02-21.480,"C-1 73"
02-21.481,"S-0 "
02-21.484,"-1 73"
02-21.487,"S-0 "
02-21.489,"C-1 73"
02-21.490,"S-0 "
02-21.494,"""B. send_r"
02-21.496,"q"""
02-21.497,"C-1 73"
02-21.499,"S-0 "
02-21.500,"C-1 73"
02-21.502,"S-0 "
02-21.504,"-1 73"
02-21.506,"S-0 "
02-21.509,"-1 73"
02-21.510,"S-0 "
02-21.514,"-1 73"
02-21.516,"S-0 "
02-21.519,"-1 73"
02-21.520,"S-0 "
02-21.524,"-1 73"
02-21.525,"S-0 "
02-21.529,"-1 73"
02-21.530,"S-0 "
02-21.534,"-1 72"
02-21.535,"S-0 "
02-21.539,"-1 73"
02-21.540,"S-0 "
02-21.545,"""B. send_req"""
02-21.546,"C-1 73"
02-21.548,"S-0 "
02-21.549,"C-1 73"
02-21.551,"S-0 "
02-21.554,"-1 73"
02-21.555,"S-0 "
02-21.559,"-1 73"
02-21.561,"S-0 "
02-21.564,"-1 73"
02-21.565,"S-0 "
02-21.569,"-1 74"
02-21.573,"S-0 "
02-21.575,"C-1 74"
02-21.576,"S-0 "
02-21.579,"-1 74"
02-21.580,"S-0 "
02-21.584,"-1 74"
02-21.586,"S-0 "
02-21.589,"-1 75"
02-21.590,"S-0 "
02-21.595,"""B. send_req"""
02-21.597,"C-1 75"
02-21.598,"S-0 "
02-21.599,"C-1 75"
02-21.602,"S-0 "
02-21.604,"-1 75"
02-21.605,"S-0 "
02-21.609,"-1 75"
02-21.610,"S-0 "
02-21.613,"-1 76"
02-21.614,"S-0 "
02-21.618,"-1 77"
02-21.620,"S-0 "
02-21.623,"-1 76"
02-21.624,"S-0 "
02-21.628,"-1 78"
02-21.629,"S-0 "
02-21.633,"-1 77"
02-21.634,"S-0 "
02-21.638,"-1 78"
02-21.639,"S-0 "
02-21.644,"""B. send_req"""
02-21.646,"C-1 78"
02-21.647,"S-0 "
02-21.649,"C-1 79"
02-21.650,"S-0 "
02-21.653,"-1 79"
02-21.655,"S-0 "
02-21.657,-
02-21.658," 80"
02-21.660,"S-0 "
02-21.666,"-1 80"
02-21.668,"S-0 "
02-21.669,"C-1 80"
02-21.670,"S-0 "
02-21.673,"-1 80"
02-21.675,"S-0 "
02-21.678,"-1 80"
02-21.679,"S-0 "
02-21.683,"-1 81"
02-21.684,"S-0 "
02-21.688,"-1 80"
02-21.689,"S-0 "
02-21.694,"""B. send_req"""
02-21.695,"C-1 81"
02-21.697,"S-0 "
02-21.698,"-1 80"
02-21.701,"S-0 "
02-21.703,"-1 80"
02-21.704,"S-0 "
02-21.708,"-1 80"
02-21.709,"S-0 "
02-21.713,"-1 80"
02-21.714,"S-0 "
02-21.718,"-1 80"
02-21.719,"S-0 "
02-21.723,"-1 80"
02-21.724,"S-0 "
02-21.728,"-1 80"
02-21.730,"S-0 "
02-21.733,"-1 79"
02-21.734,"S-0 "
02-21.738,"-1 79"
02-21.741,"S-0 "
02-21.745,"""B. send_req"""
02-21.746,"C-1 80"
02-21.748,"S-0 "
02-21.750,"C-1 79"
02-21.751,"S-0 "
02-21.753,"-1 78"
02-21.755,"S-0 "
02-21.758,"-1 79"
02-21.760,"S-0 "
02-21.763,"-1 78"
02-21.765,"S-0 "
02-21.767,C
02-21.769,"1 78"
02-21.770,"S-0 "
02-21.773,"-1 79"
02-21.774,"S-0 "
02-21.777,C
02-21.779,"1 79"
02-21.780,"S-0 "
02-21.782,C
02-21.783,"1 79"
02-21.784,"S-0 "
02-21.788,"-1 80"
02-21.789,"S-0 "
02-21.795,"""14. send_req"""
02-21.796,"C-0 0"
02-21.797,"S-0 "
02-21.800,"""B. send_req"""
02-21.802,"C-1 80"
02-21.803,"S-0 "
02-21.805,"C-1 79"
02-21.806,"S-0 "
02-21.807,C
02-21.809,"1 79"
02-21.810,"S-0 "
02-21.813,-1 79
02-21.814,"S-0 "
02-21.818,C-1 7
02-21.819,""
02-21.821,"S-0 "
02-21.823,"-1 80"
02-21.824,"S-0 "
02-21.827,-1 8
02-21.828,""
02-21.830,"S-0 "
02-21.833,"-1 80"
02-21.834,"S-0 "
02-21.837,-1
02-21.839,"80"
02-21.841,"S-0 "
02-21.843,-1 79
02-21.844,"S-0 "
02-21.850,"""B. send_req"""
02-21.851,"C-1 79"
02-21.853,"S-0 "
02-21.855,"C-1 79"
02-21.856,"S-0 "
02-21.858,-1 7
02-21.858,""
02-21.860,"S-0 "
02-21.862,C-
02-21.863," 79"
02-21.864,"S-0 "
02-21.867,C-
02-21.869," 79"
02-21.870,"S-0 "
02-21.873,"-1 79"
02-21.874,"S-0 "
02-21.877,-1
02-21.879,"78"
02-21.880,"S-0 "
02-21.882,C
02-21.883,"1 78"
02-21.885,"S-0 "
02-21.888,"-1 79"
02-21.891,"S-0 "
02-21.892,C
02-21.893,"1 78"
02-21.895,"S-0 "
02-21.900,"""B. send_req"""
02-21.902,"C-1 78"
02-21.904,"S-0 "
02-21.905,"C-1 78"
02-21.907,"S-0 "
02-21.909,"C-1 78"
02-21.910,"S-0 "
02-21.913,"-1 78"
02-21.915,"S-0 "
02-21.918,-1 7
02-21.918,""
02-21.919,"S-0 "
02-21.923,C-1
02-21.924,"78"
02-21.926,"S-0 "
02-21.928,"-1 78"
02-21.929,"S-0 "
02-21.933,C-1
02-21.935,"78"
02-21.936,"S-0 "
02-21.938,C-1
02-21.939,"78"
02-21.940,"S-0 "
02-21.943,C-1
02-21.944,"77"
02-21.946,"S-0 "
02-21.949,B. send_r
02-21.950,"q"""
02-21.951,"C-1 77"
02-21.954,"S-0 "
02-21.956,"C-1 77"
02-21.957,"S-0 "
02-21.958,"C-1 77"
02-21.960,"S-0 "
02-21.963,C-1
02-21.964,"77"
02-21.965,"S-0 "
02-21.968,C-
02-21.969," 77"
02-21.971,"S-0 "
02-21.972,C
02-21.974,"1 77"
02-21.976,"S-0 "
02-21.978,"-1 77"
02-21.980,"S-0 "
02-21.983,C-1
02-21.984,"77"
02-21.985,"S-0 "
02-21.988,"-1 77"
02-21.988,"S-0 "
02-21.991,C
02-21.993,"1 77"
02-21.994,"S-0 "
02-21.996,""""
02-21.999,". send_req"""
02-22.001,"C-1 77"
02-22.003,"S-0 "
02-22.004,"C-1 77"
02-22.006,"S-0 "
02-22.008,"C-1 77"
02-22.010,"S-0 "
02-22.012,C-1 
02-22.013,"7"
02-22.014,"S-0 "
02-22.017,C-1
02-22.018,"77"
02-22.020,"S-0 "
02-22.022,"""F."
02-22.024,"send_req"""
02-22.025,"C-0 0"
02-22.026,"S-0 "
02-22.028,"C-1 77"
02-22.030,"S-0 "
02-22.031,C
02-22.033,"1 77"
02-22.034,"S-0 "
02-22.037,C
02-22.038,"1 77"
02-22.044,"S-0 "
02-22.046,"C-1 77"
02-22.048,"S-0 "
02-22.049,"C-1 77"
02-22.052,"S-0 "
02-22.055,"""B. send_req"""
02-22.057,"C-1 77"
02-22.058,"S-0 "
02-22.060,"C-1 77"
02-22.062,"S-0 "
02-22.063,"C-1 77"
02-22.065,"S-0 "
02-22.067,C-1 7
02-22.068,""
02-22.069,"S-0 "
02-22.072,C-
02-22.073," 77"
02-22.074,"S-0 "
02-22.077,C-1
02-22.078,"77"
02-22.079,"S-0 "
02-22.082,C-
02-22.083," 77"
02-22.085,"S-0 "
02-22.087,C-1
02-22.088,"76"
02-22.089,"S-0 "
02-22.092,C-1
02-22.093,"76"
02-22.094,"S-0 "
02-22.097,C
02-22.098,"1 76"
02-22.101,"S-0 "
02-22.102,"""B. s"
02-22.105,"nd_req"""
02-22.106,"C-1 76"
02-22.107,"S-0 "
02-22.109,"C-1 76"
02-22.111,"S-0 "
02-22.112,C-1 
02-22.113,"6"
02-22.114,"S-0 "
02-22.117,C-
02-22.119," 77"
